null,2024-04-20,2024-05-01,RESUELTO,3,90,18,adipiscing molestie hendrerit at vulputate vitae nisl aenean lectus pellentesque eget nunc donec
null,2024-04-22,2024-04-28,ENPROCESO,3,26,24,iaculis diam erat fermentum justo nec condimentum neque sapien placerat ante nulla justo aliquam
null,2024-04-23,2024-05-01,ABIERTO,1,23,11,phasellus sit amet erat nulla
null,2024-04-20,2024-04-28,ABIERTO,2,48,19,in blandit ultrices enim lorem ipsum dolor sit amet consectetuer adipiscing elit proin interdum mauris
null,2024-04-19,2024-04-28,RESUELTO,1,61,9,volutpat quam pede lobortis ligula sit amet eleifend pede libero quis orci nullam molestie
null,2024-04-25,2024-04-30,ABIERTO,3,5,21,amet justo morbi ut odio cras mi pede malesuada in imperdiet
null,2024-04-09,2024-04-28,ENPROCESO,1,68,17,etiam justo etiam pretium iaculis justo in hac habitasse platea dictumst
null,2024-04-26,2024-04-30,ABIERTO,2,90,4,blandit non interdum in ante vestibulum ante ipsum primis in faucibus orci
null,2024-04-18,2024-04-30,RESUELTO,3,44,23,in faucibus orci luctus et ultrices posuere cubilia curae donec pharetra magna vestibulum aliquet ultrices
null,2024-04-11,2024-04-29,RESUELTO,1,20,19,tincidunt in leo maecenas pulvinar lobortis est phasellus
null,2024-04-25,2024-04-28,ENPROCESO,3,47,14,vel est donec odio justo sollicitudin ut suscipit a feugiat
null,2024-04-25,2024-04-28,RESUELTO,3,87,17,mollis molestie lorem quisque ut erat curabitur gravida nisi
null,2024-04-21,2024-05-01,RESUELTO,2,69,1,est lacinia nisi venenatis tristique fusce congue diam id ornare imperdiet sapien urna
null,2024-04-25,2024-05-01,ABIERTO,1,68,10,feugiat et eros vestibulum ac est lacinia nisi venenatis tristique fusce congue
null,2024-04-24,2024-04-30,ABIERTO,3,35,8,ipsum praesent blandit lacinia erat vestibulum
null,2024-04-05,2024-05-01,RESUELTO,2,10,25,blandit mi in porttitor pede justo eu massa donec dapibus duis at
null,2024-04-23,2024-04-29,RESUELTO,1,76,4,eget rutrum at lorem integer tincidunt ante vel ipsum praesent
null,2024-04-26,2024-04-30,ENPROCESO,1,66,15,id justo sit amet sapien dignissim vestibulum vestibulum
null,2024-04-19,2024-04-28,ABIERTO,3,8,21,amet eros suspendisse accumsan tortor quis
null,2024-04-25,2024-04-28,RESUELTO,3,84,22,elit ac nulla sed vel enim
null,2024-04-09,2024-04-29,RESUELTO,1,93,21,donec vitae nisi nam ultrices libero non
null,2024-04-23,2024-04-30,ABIERTO,3,73,12,amet eros suspendisse accumsan tortor quis
null,2024-04-05,2024-04-30,ABIERTO,2,60,6,mauris lacinia sapien quis libero nullam sit amet turpis elementum ligula vehicula consequat
null,2024-04-19,2024-04-28,ABIERTO,3,97,15,id massa id nisl venenatis lacinia
null,2024-04-22,2024-04-30,ENPROCESO,3,92,2,elit proin risus praesent lectus
null,2024-04-17,2024-05-01,RESUELTO,3,43,17,lobortis sapien sapien non mi integer ac neque duis bibendum
null,2024-04-04,2024-04-28,ABIERTO,2,22,10,accumsan tellus nisi eu orci mauris lacinia sapien quis libero nullam sit amet turpis
null,2024-04-16,2024-05-01,ENPROCESO,2,57,10,malesuada in imperdiet et commodo vulputate justo in blandit ultrices
null,2024-04-11,2024-04-28,RESUELTO,2,15,14,eu massa donec dapibus duis
null,2024-04-21,2024-05-01,RESUELTO,3,49,8,proin interdum mauris non ligula pellentesque ultrices phasellus id sapien in sapien iaculis congue
null,2024-04-22,2024-04-29,RESUELTO,1,95,7,non velit donec diam neque vestibulum eget vulputate
null,2024-04-13,2024-04-28,ENPROCESO,3,45,21,in magna bibendum imperdiet nullam orci
null,2024-04-05,2024-04-28,ABIERTO,2,92,6,et tempus semper est quam pharetra magna ac consequat metus sapien ut nunc vestibulum ante
null,2024-04-18,2024-04-29,RESUELTO,2,20,22,non quam nec dui luctus
null,2024-04-13,2024-05-01,ABIERTO,1,7,18,risus dapibus augue vel accumsan tellus nisi eu orci mauris lacinia sapien
null,2024-04-17,2024-04-30,ENPROCESO,1,14,3,nunc nisl duis bibendum felis sed interdum venenatis turpis enim blandit
null,2024-04-12,2024-04-28,ENPROCESO,2,68,11,pellentesque ultrices mattis odio donec vitae nisi nam ultrices
null,2024-04-08,2024-04-29,ABIERTO,1,74,6,massa id nisl venenatis lacinia aenean sit
null,2024-04-18,2024-05-01,ABIERTO,1,96,12,nonummy maecenas tincidunt lacus at velit vivamus vel nulla eget eros elementum pellentesque quisque porta
null,2024-04-26,2024-04-29,ENPROCESO,1,93,8,condimentum neque sapien placerat ante nulla
null,2024-04-14,2024-04-28,ABIERTO,2,94,2,donec dapibus duis at velit eu est congue elementum in hac
null,2024-04-17,2024-04-29,ABIERTO,3,6,25,massa tempor convallis nulla neque
null,2024-04-09,2024-05-01,ENPROCESO,2,50,7,posuere cubilia curae nulla dapibus dolor vel est donec
null,2024-04-26,2024-04-28,ENPROCESO,2,79,13,massa tempor convallis nulla neque libero convallis eget eleifend
null,2024-04-21,2024-04-29,RESUELTO,3,39,12,cubilia curae nulla dapibus dolor vel est donec odio justo sollicitudin ut
null,2024-04-18,2024-04-28,RESUELTO,2,57,25,hendrerit at vulputate vitae nisl aenean lectus pellentesque
null,2024-04-24,2024-04-28,ENPROCESO,1,91,5,tellus nisi eu orci mauris
null,2024-04-04,2024-04-29,RESUELTO,2,84,25,vel enim sit amet nunc
null,2024-04-21,2024-05-01,RESUELTO,1,55,21,scelerisque mauris sit amet eros suspendisse accumsan tortor quis turpis sed ante vivamus
null,2024-04-06,2024-05-01,ABIERTO,1,49,16,a feugiat et eros vestibulum ac est lacinia nisi venenatis tristique fusce congue diam
null,2024-04-18,2024-04-28,ENPROCESO,3,2,5,aliquam lacus morbi quis tortor id nulla ultrices aliquet
null,2024-04-09,2024-05-01,ENPROCESO,1,27,5,nullam molestie nibh in lectus pellentesque at
null,2024-04-14,2024-05-01,ENPROCESO,1,78,4,mauris laoreet ut rhoncus aliquet pulvinar sed
null,2024-04-14,2024-04-29,RESUELTO,3,85,25,metus vitae ipsum aliquam non mauris morbi non lectus aliquam sit amet diam in magna
null,2024-04-06,2024-05-01,RESUELTO,3,55,19,ipsum dolor sit amet consectetuer
null,2024-04-13,2024-05-01,RESUELTO,2,30,8,vestibulum quam sapien varius ut blandit non
null,2024-04-10,2024-04-28,RESUELTO,1,8,5,est risus auctor sed tristique in tempus sit amet
null,2024-04-13,2024-04-29,ABIERTO,3,32,9,nunc commodo placerat praesent blandit nam nulla integer pede justo lacinia
null,2024-04-10,2024-04-28,ENPROCESO,3,84,4,curae nulla dapibus dolor vel est donec odio justo sollicitudin ut suscipit a feugiat et
null,2024-04-23,2024-05-01,RESUELTO,2,96,7,ultrices aliquet maecenas leo odio condimentum id luctus nec
null,2024-04-20,2024-04-28,ENPROCESO,1,54,16,nec molestie sed justo pellentesque viverra pede
null,2024-04-15,2024-04-28,ABIERTO,2,29,16,libero convallis eget eleifend luctus ultricies eu nibh quisque
null,2024-04-20,2024-04-29,ABIERTO,3,91,16,bibendum morbi non quam nec dui luctus rutrum nulla tellus in sagittis dui vel nisl
null,2024-04-09,2024-04-30,RESUELTO,3,74,17,mauris morbi non lectus aliquam sit amet diam in magna bibendum imperdiet nullam orci
null,2024-04-22,2024-04-30,RESUELTO,2,47,1,adipiscing elit proin interdum mauris non ligula pellentesque ultrices phasellus id sapien
null,2024-04-08,2024-04-28,RESUELTO,2,33,19,mi in porttitor pede justo eu massa
null,2024-04-04,2024-04-29,RESUELTO,3,38,25,dis parturient montes nascetur ridiculus mus vivamus vestibulum sagittis sapien cum
null,2024-04-13,2024-05-01,ENPROCESO,3,55,7,ullamcorper augue a suscipit nulla elit ac nulla sed vel
null,2024-04-19,2024-04-30,RESUELTO,2,63,8,in hac habitasse platea dictumst maecenas ut massa quis augue luctus tincidunt
null,2024-04-22,2024-04-28,ENPROCESO,3,9,21,vestibulum quam sapien varius ut
null,2024-04-21,2024-04-28,RESUELTO,2,2,2,aliquet pulvinar sed nisl nunc rhoncus dui
null,2024-04-19,2024-04-29,ENPROCESO,1,79,14,amet diam in magna bibendum imperdiet nullam orci pede venenatis non sodales sed tincidunt
null,2024-04-04,2024-04-30,RESUELTO,3,62,10,urna pretium nisl ut volutpat sapien arcu sed
null,2024-04-19,2024-04-28,ABIERTO,2,12,11,vestibulum proin eu mi nulla ac enim in
null,2024-04-07,2024-04-28,ENPROCESO,1,58,14,venenatis lacinia aenean sit amet
null,2024-04-10,2024-04-29,RESUELTO,1,53,5,sem mauris laoreet ut rhoncus aliquet pulvinar
null,2024-04-22,2024-04-28,ENPROCESO,3,57,16,turpis eget elit sodales scelerisque mauris sit amet eros suspendisse accumsan
null,2024-04-18,2024-04-28,ENPROCESO,3,79,8,vel nisl duis ac nibh
null,2024-04-23,2024-04-28,RESUELTO,2,83,16,at velit vivamus vel nulla eget eros elementum pellentesque quisque
null,2024-04-07,2024-04-30,ABIERTO,2,66,21,tincidunt eget tempus vel pede morbi porttitor
null,2024-04-06,2024-04-29,RESUELTO,3,64,7,eget nunc donec quis orci eget orci vehicula condimentum curabitur in libero
null,2024-04-19,2024-04-28,ABIERTO,2,27,21,mattis nibh ligula nec sem
null,2024-04-25,2024-04-30,ABIERTO,1,78,10,nec molestie sed justo pellentesque viverra pede ac diam cras pellentesque volutpat dui
null,2024-04-17,2024-05-01,RESUELTO,3,20,10,condimentum curabitur in libero ut massa volutpat convallis morbi odio odio elementum eu
null,2024-04-10,2024-05-01,ABIERTO,3,6,6,non ligula pellentesque ultrices phasellus id sapien in sapien iaculis congue vivamus metus arcu adipiscing
null,2024-04-05,2024-04-28,ENPROCESO,2,49,10,vel augue vestibulum rutrum rutrum neque aenean auctor gravida sem praesent id massa id nisl
null,2024-04-08,2024-04-28,RESUELTO,1,83,14,vestibulum ante ipsum primis in faucibus
null,2024-04-25,2024-04-28,ABIERTO,3,56,17,lobortis ligula sit amet eleifend pede libero quis orci nullam molestie nibh
null,2024-04-16,2024-04-30,ENPROCESO,1,53,1,suscipit nulla elit ac nulla sed vel
null,2024-04-10,2024-04-29,RESUELTO,1,41,15,felis sed interdum venenatis turpis enim blandit mi in porttitor
null,2024-04-07,2024-05-01,ABIERTO,1,80,10,morbi ut odio cras mi pede malesuada in imperdiet et
null,2024-04-22,2024-04-28,ENPROCESO,3,25,13,nam nulla integer pede justo lacinia eget tincidunt eget tempus vel pede morbi porttitor lorem
null,2024-04-11,2024-04-29,RESUELTO,1,10,22,luctus ultricies eu nibh quisque id justo sit amet sapien dignissim vestibulum vestibulum ante
null,2024-04-06,2024-05-01,RESUELTO,3,66,19,orci nullam molestie nibh in lectus pellentesque at nulla suspendisse potenti cras in purus eu
null,2024-04-13,2024-05-01,ENPROCESO,3,32,4,urna ut tellus nulla ut erat id mauris vulputate elementum
null,2024-04-08,2024-04-29,ABIERTO,1,84,18,sit amet turpis elementum ligula vehicula consequat morbi a ipsum integer a nibh in quis
null,2024-04-15,2024-04-30,ABIERTO,3,4,20,orci luctus et ultrices posuere cubilia curae donec
null,2024-04-10,2024-05-01,RESUELTO,1,3,2,sapien ut nunc vestibulum ante ipsum primis in faucibus orci luctus et ultrices posuere
null,2024-04-26,2024-04-29,ABIERTO,3,38,3,in faucibus orci luctus et ultrices posuere cubilia curae mauris viverra diam vitae
null,2024-04-11,2024-04-29,ENPROCESO,2,41,13,felis sed lacus morbi sem mauris
null,2024-04-26,2024-04-29,RESUELTO,3,46,12,dui vel nisl duis ac nibh fusce lacus purus aliquet at feugiat
null,2024-04-23,2024-04-29,ABIERTO,3,24,23,dapibus nulla suscipit ligula in lacus curabitur at ipsum
null,2024-04-04,2024-04-28,ABIERTO,3,59,2,suspendisse accumsan tortor quis turpis
null,2024-04-16,2024-04-30,ABIERTO,2,95,7,nam ultrices libero non mattis
null,2024-04-07,2024-05-01,ABIERTO,1,94,10,rhoncus mauris enim leo rhoncus sed
null,2024-04-24,2024-04-28,ENPROCESO,2,41,6,in porttitor pede justo eu massa donec
null,2024-04-13,2024-04-28,RESUELTO,2,41,11,nunc nisl duis bibendum felis sed
null,2024-04-21,2024-04-30,ABIERTO,2,68,17,suscipit a feugiat et eros vestibulum ac est lacinia nisi venenatis tristique fusce congue diam
null,2024-04-11,2024-04-28,ABIERTO,1,68,12,interdum mauris non ligula pellentesque ultrices
null,2024-04-20,2024-04-30,ENPROCESO,2,38,3,adipiscing elit proin interdum mauris non ligula pellentesque ultrices phasellus id sapien
null,2024-04-24,2024-04-28,ENPROCESO,2,96,21,aliquam quis turpis eget elit sodales scelerisque mauris sit amet eros suspendisse accumsan
null,2024-04-17,2024-05-01,RESUELTO,1,36,22,cubilia curae donec pharetra magna vestibulum aliquet ultrices erat tortor sollicitudin mi sit
null,2024-04-22,2024-05-01,ENPROCESO,1,30,7,nunc vestibulum ante ipsum primis in faucibus orci luctus et ultrices posuere cubilia curae mauris
null,2024-04-17,2024-04-29,ABIERTO,1,4,14,tortor risus dapibus augue vel accumsan tellus
null,2024-04-06,2024-04-29,ENPROCESO,3,53,21,ac leo pellentesque ultrices mattis
null,2024-04-22,2024-05-01,RESUELTO,2,63,1,in ante vestibulum ante ipsum primis in faucibus orci luctus et
null,2024-04-23,2024-04-29,ABIERTO,1,44,19,nullam varius nulla facilisi cras non velit nec nisi
null,2024-04-20,2024-04-29,ABIERTO,1,94,2,lobortis est phasellus sit amet erat nulla tempus vivamus in felis eu
null,2024-04-22,2024-04-28,RESUELTO,3,75,25,ipsum dolor sit amet consectetuer adipiscing elit proin risus praesent lectus vestibulum
null,2024-04-26,2024-04-29,ABIERTO,2,62,10,ac nibh fusce lacus purus aliquet at
null,2024-04-09,2024-04-30,ENPROCESO,1,98,14,ipsum ac tellus semper interdum mauris ullamcorper purus sit amet nulla
null,2024-04-24,2024-04-30,ENPROCESO,3,37,19,arcu adipiscing molestie hendrerit at vulputate vitae nisl aenean lectus pellentesque eget
null,2024-04-08,2024-04-28,RESUELTO,2,73,12,aliquam lacus morbi quis tortor id nulla ultrices aliquet maecenas leo odio condimentum
null,2024-04-24,2024-04-30,ABIERTO,1,74,17,dui proin leo odio porttitor id consequat in consequat ut nulla sed accumsan felis
null,2024-04-10,2024-05-01,RESUELTO,2,46,5,ac nibh fusce lacus purus aliquet
null,2024-04-07,2024-05-01,ENPROCESO,2,94,22,sit amet turpis elementum ligula vehicula consequat morbi a ipsum integer a nibh in
null,2024-04-12,2024-04-30,ABIERTO,3,99,18,lorem quisque ut erat curabitur gravida nisi at
null,2024-04-14,2024-04-28,RESUELTO,3,46,25,pede libero quis orci nullam molestie nibh in lectus
null,2024-04-24,2024-05-01,RESUELTO,2,81,1,diam erat fermentum justo nec condimentum
null,2024-04-04,2024-04-29,ABIERTO,3,26,7,varius nulla facilisi cras non velit nec nisi vulputate nonummy maecenas tincidunt lacus at velit
null,2024-04-05,2024-04-29,RESUELTO,2,89,11,tincidunt eget tempus vel pede morbi porttitor
null,2024-04-15,2024-04-30,RESUELTO,3,95,21,consequat metus sapien ut nunc vestibulum ante ipsum primis in faucibus orci luctus et ultrices
null,2024-04-24,2024-04-30,ENPROCESO,1,18,22,felis eu sapien cursus vestibulum proin eu mi nulla ac enim in
null,2024-04-10,2024-04-29,ENPROCESO,3,21,25,quisque erat eros viverra eget congue eget semper rutrum nulla nunc purus
null,2024-04-15,2024-04-29,ABIERTO,1,15,15,eget vulputate ut ultrices vel augue vestibulum
null,2024-04-15,2024-04-28,RESUELTO,2,41,19,mattis egestas metus aenean fermentum donec ut mauris eget massa
null,2024-04-13,2024-04-30,ENPROCESO,2,44,19,eu magna vulputate luctus cum sociis natoque penatibus et magnis
null,2024-04-11,2024-04-30,ENPROCESO,3,47,12,elit proin risus praesent lectus vestibulum quam sapien varius ut blandit non interdum
null,2024-04-21,2024-04-30,ABIERTO,3,74,18,donec vitae nisi nam ultrices libero non mattis pulvinar nulla pede
null,2024-04-14,2024-05-01,ABIERTO,2,2,25,suscipit ligula in lacus curabitur at ipsum ac tellus semper
null,2024-04-09,2024-04-28,RESUELTO,2,65,21,nec molestie sed justo pellentesque viverra pede ac diam cras pellentesque
null,2024-04-09,2024-05-01,RESUELTO,3,15,1,sed sagittis nam congue risus
null,2024-04-05,2024-04-30,ABIERTO,2,56,10,metus arcu adipiscing molestie hendrerit at vulputate vitae nisl aenean lectus pellentesque eget nunc donec
null,2024-04-24,2024-05-01,RESUELTO,2,12,22,nulla sed vel enim sit amet nunc viverra
null,2024-04-05,2024-04-28,RESUELTO,3,36,19,faucibus orci luctus et ultrices posuere cubilia
null,2024-04-07,2024-04-30,ABIERTO,3,89,11,odio justo sollicitudin ut suscipit a feugiat
null,2024-04-13,2024-04-28,RESUELTO,3,87,8,eget tempus vel pede morbi porttitor lorem id ligula suspendisse ornare
null,2024-04-23,2024-05-01,ABIERTO,3,100,15,congue eget semper rutrum nulla nunc purus
null,2024-04-08,2024-04-29,ENPROCESO,3,4,17,consequat ut nulla sed accumsan felis ut at dolor quis odio consequat varius
null,2024-04-23,2024-04-28,RESUELTO,3,41,21,et commodo vulputate justo in blandit ultrices
null,2024-04-22,2024-04-29,RESUELTO,3,9,9,ut blandit non interdum in ante vestibulum ante ipsum primis
null,2024-04-07,2024-04-29,ENPROCESO,2,77,5,justo pellentesque viverra pede ac diam cras pellentesque volutpat dui maecenas tristique
null,2024-04-14,2024-05-01,ABIERTO,1,4,18,diam neque vestibulum eget vulputate ut ultrices vel augue vestibulum ante ipsum primis in faucibus
null,2024-04-09,2024-04-28,RESUELTO,1,90,20,consequat varius integer ac leo pellentesque ultrices mattis
null,2024-04-15,2024-04-29,ENPROCESO,1,29,11,molestie sed justo pellentesque viverra pede ac diam cras
null,2024-04-09,2024-04-28,RESUELTO,2,15,15,eget tincidunt eget tempus vel pede morbi porttitor
null,2024-04-22,2024-04-29,ENPROCESO,1,8,9,magna vestibulum aliquet ultrices erat tortor
null,2024-04-16,2024-04-30,RESUELTO,3,57,19,nisi nam ultrices libero non mattis pulvinar nulla
null,2024-04-10,2024-04-30,RESUELTO,3,88,24,et ultrices posuere cubilia curae nulla dapibus dolor vel est donec odio justo
null,2024-04-24,2024-04-29,RESUELTO,2,95,5,pellentesque volutpat dui maecenas tristique est et tempus semper est quam
null,2024-04-12,2024-05-01,RESUELTO,3,9,23,cras pellentesque volutpat dui maecenas tristique est et tempus semper est quam pharetra magna
null,2024-04-09,2024-05-01,ENPROCESO,3,78,8,pretium iaculis diam erat fermentum justo nec condimentum neque sapien placerat ante nulla
null,2024-04-09,2024-04-28,RESUELTO,1,46,9,rhoncus aliquet pulvinar sed nisl
null,2024-04-24,2024-05-01,RESUELTO,2,38,12,duis bibendum felis sed interdum venenatis turpis enim
null,2024-04-08,2024-04-29,ENPROCESO,1,73,20,id luctus nec molestie sed justo
null,2024-04-04,2024-04-28,ABIERTO,3,8,3,habitasse platea dictumst maecenas ut massa quis augue luctus tincidunt
null,2024-04-16,2024-04-30,RESUELTO,3,92,8,eget semper rutrum nulla nunc
null,2024-04-23,2024-04-30,ABIERTO,2,80,2,aliquet maecenas leo odio condimentum id
null,2024-04-06,2024-05-01,RESUELTO,1,38,16,nec nisi vulputate nonummy maecenas tincidunt lacus at velit vivamus vel nulla
null,2024-04-25,2024-04-29,ABIERTO,1,90,25,lobortis convallis tortor risus dapibus augue vel accumsan
null,2024-04-09,2024-04-28,RESUELTO,1,25,8,nascetur ridiculus mus vivamus vestibulum sagittis sapien cum sociis natoque penatibus et magnis
null,2024-04-06,2024-05-01,RESUELTO,3,26,21,ante vel ipsum praesent blandit lacinia erat vestibulum sed magna at nunc
null,2024-04-18,2024-04-28,RESUELTO,3,45,5,ac lobortis vel dapibus at diam nam tristique tortor
null,2024-04-08,2024-04-28,ABIERTO,2,6,5,in quis justo maecenas rhoncus aliquam lacus morbi quis tortor id
null,2024-04-06,2024-04-28,RESUELTO,1,16,21,ut ultrices vel augue vestibulum ante ipsum primis in faucibus orci luctus et ultrices
null,2024-04-25,2024-04-30,RESUELTO,1,57,22,nibh in lectus pellentesque at nulla suspendisse
null,2024-04-04,2024-04-28,ENPROCESO,1,97,19,nulla ultrices aliquet maecenas leo odio condimentum id luctus nec molestie sed justo pellentesque
null,2024-04-14,2024-04-28,ABIERTO,3,14,25,sapien in sapien iaculis congue vivamus metus arcu adipiscing molestie
null,2024-04-25,2024-04-30,ABIERTO,2,65,12,eros elementum pellentesque quisque porta volutpat erat
null,2024-04-09,2024-04-30,ABIERTO,1,65,15,luctus rutrum nulla tellus in sagittis dui vel
null,2024-04-20,2024-04-30,ABIERTO,2,10,4,ut nunc vestibulum ante ipsum primis in faucibus orci luctus et ultrices posuere cubilia curae
null,2024-04-24,2024-04-29,ENPROCESO,3,60,22,dolor sit amet consectetuer adipiscing
null,2024-04-26,2024-04-29,ABIERTO,3,68,22,potenti cras in purus eu magna vulputate luctus cum sociis natoque
null,2024-04-23,2024-04-28,ABIERTO,3,60,4,vitae mattis nibh ligula nec sem duis aliquam
null,2024-04-09,2024-04-28,ENPROCESO,2,95,4,fermentum justo nec condimentum neque sapien placerat ante nulla justo aliquam quis
null,2024-04-26,2024-05-01,RESUELTO,3,23,2,sollicitudin ut suscipit a feugiat et eros vestibulum ac est lacinia nisi venenatis tristique fusce
null,2024-04-06,2024-05-01,ABIERTO,1,59,8,feugiat et eros vestibulum ac est lacinia nisi venenatis
null,2024-04-16,2024-05-01,ENPROCESO,2,82,10,mattis egestas metus aenean fermentum donec ut mauris
null,2024-04-11,2024-04-30,ABIERTO,1,95,22,aenean lectus pellentesque eget nunc donec quis orci eget orci vehicula
null,2024-04-10,2024-05-01,ENPROCESO,1,61,19,ipsum primis in faucibus orci luctus et ultrices posuere cubilia curae donec pharetra
null,2024-04-09,2024-04-28,ENPROCESO,3,16,4,consectetuer adipiscing elit proin risus praesent
null,2024-04-25,2024-04-29,RESUELTO,2,44,15,congue eget semper rutrum nulla nunc purus phasellus in felis donec semper
null,2024-04-26,2024-04-30,RESUELTO,3,28,14,tristique est et tempus semper est
null,2024-04-15,2024-04-28,ENPROCESO,2,65,20,nascetur ridiculus mus vivamus vestibulum sagittis sapien cum sociis natoque penatibus et
null,2024-04-22,2024-04-29,ENPROCESO,2,72,8,augue luctus tincidunt nulla mollis molestie lorem quisque
null,2024-04-11,2024-05-01,ABIERTO,1,41,19,tortor quis turpis sed ante
null,2024-04-23,2024-04-28,RESUELTO,3,89,14,mi nulla ac enim in tempor turpis nec
null,2024-04-20,2024-05-01,ABIERTO,3,86,3,faucibus orci luctus et ultrices posuere cubilia curae
null,2024-04-17,2024-04-29,ENPROCESO,3,87,15,sapien iaculis congue vivamus metus arcu adipiscing molestie hendrerit at vulputate vitae
null,2024-04-08,2024-04-28,ENPROCESO,3,93,25,convallis eget eleifend luctus ultricies eu nibh quisque id justo
null,2024-04-09,2024-05-01,RESUELTO,2,18,1,eleifend pede libero quis orci nullam molestie nibh
null,2024-04-09,2024-04-30,RESUELTO,2,56,6,faucibus accumsan odio curabitur convallis duis
null,2024-04-04,2024-04-28,ABIERTO,2,60,7,curabitur convallis duis consequat dui nec nisi volutpat eleifend donec
null,2024-04-12,2024-04-30,ENPROCESO,2,98,3,tellus nisi eu orci mauris lacinia sapien quis
null,2024-04-22,2024-04-30,RESUELTO,3,73,1,vulputate ut ultrices vel augue vestibulum ante
null,2024-04-15,2024-04-28,ABIERTO,1,15,15,ridiculus mus etiam vel augue vestibulum rutrum rutrum neque aenean auctor gravida sem
null,2024-04-14,2024-05-01,ENPROCESO,1,3,3,nulla integer pede justo lacinia eget tincidunt eget tempus vel
null,2024-04-24,2024-04-28,ABIERTO,3,36,4,at vulputate vitae nisl aenean lectus pellentesque eget nunc donec quis orci eget orci vehicula
null,2024-04-26,2024-04-29,RESUELTO,3,59,13,magnis dis parturient montes nascetur ridiculus mus etiam vel augue vestibulum rutrum rutrum neque aenean
null,2024-04-18,2024-04-29,ENPROCESO,3,60,9,felis sed lacus morbi sem mauris laoreet ut
null,2024-04-11,2024-04-30,ENPROCESO,3,98,21,pellentesque ultrices mattis odio donec
null,2024-04-26,2024-04-30,ENPROCESO,2,66,17,ipsum dolor sit amet consectetuer adipiscing elit proin interdum mauris non
null,2024-04-08,2024-05-01,ABIERTO,3,68,20,sed lacus morbi sem mauris laoreet ut rhoncus aliquet pulvinar sed nisl nunc
null,2024-04-06,2024-05-01,ABIERTO,3,93,3,odio cras mi pede malesuada
null,2024-04-06,2024-04-28,RESUELTO,1,28,4,erat curabitur gravida nisi at nibh in hac habitasse platea dictumst aliquam
null,2024-04-18,2024-05-01,RESUELTO,3,10,5,nisi eu orci mauris lacinia sapien quis libero nullam
null,2024-04-17,2024-04-28,ABIERTO,3,82,12,consequat in consequat ut nulla sed
null,2024-04-12,2024-04-30,ENPROCESO,1,10,12,integer a nibh in quis
null,2024-04-17,2024-04-29,ENPROCESO,1,10,24,et ultrices posuere cubilia curae duis faucibus accumsan odio curabitur convallis duis
null,2024-04-12,2024-04-30,RESUELTO,2,82,17,luctus et ultrices posuere cubilia curae donec pharetra magna vestibulum aliquet ultrices erat
null,2024-04-07,2024-04-29,ENPROCESO,3,67,18,sed ante vivamus tortor duis mattis egestas metus aenean fermentum donec
null,2024-04-05,2024-04-30,ABIERTO,1,35,15,eu est congue elementum in hac habitasse platea dictumst morbi vestibulum velit id pretium
null,2024-04-04,2024-05-01,ABIERTO,3,16,11,enim sit amet nunc viverra dapibus nulla suscipit ligula in lacus curabitur
null,2024-04-04,2024-05-01,RESUELTO,2,19,13,tempor turpis nec euismod scelerisque quam turpis adipiscing lorem vitae mattis
null,2024-04-19,2024-05-01,RESUELTO,1,47,21,mattis odio donec vitae nisi nam ultrices libero non mattis
null,2024-04-23,2024-05-01,ENPROCESO,3,58,14,eget tempus vel pede morbi porttitor lorem id ligula suspendisse ornare consequat lectus in
null,2024-04-23,2024-04-30,RESUELTO,1,82,14,venenatis turpis enim blandit mi
null,2024-04-04,2024-04-30,RESUELTO,2,56,23,etiam pretium iaculis justo in hac
null,2024-04-16,2024-05-01,ENPROCESO,2,60,11,fermentum justo nec condimentum neque sapien placerat ante nulla justo aliquam quis turpis eget elit
null,2024-04-24,2024-05-01,ENPROCESO,1,7,3,magna vestibulum aliquet ultrices erat tortor sollicitudin mi
null,2024-04-07,2024-04-29,RESUELTO,2,59,21,sit amet erat nulla tempus vivamus in felis eu sapien cursus vestibulum proin
null,2024-04-05,2024-04-30,ABIERTO,2,15,20,eget tincidunt eget tempus vel pede morbi porttitor lorem id ligula suspendisse ornare consequat
null,2024-04-08,2024-04-30,RESUELTO,3,80,2,libero nullam sit amet turpis
null,2024-04-10,2024-05-01,ENPROCESO,1,86,13,tincidunt nulla mollis molestie lorem quisque ut erat curabitur gravida nisi at nibh
null,2024-04-15,2024-04-28,ABIERTO,3,79,10,duis bibendum felis sed interdum venenatis turpis enim
null,2024-04-04,2024-05-01,ABIERTO,1,70,1,adipiscing elit proin interdum mauris non
null,2024-04-23,2024-04-29,ENPROCESO,3,44,5,feugiat et eros vestibulum ac est lacinia
null,2024-04-17,2024-04-28,RESUELTO,3,60,8,enim in tempor turpis nec euismod scelerisque quam turpis adipiscing lorem vitae mattis nibh ligula
null,2024-04-12,2024-04-28,ENPROCESO,3,45,23,proin eu mi nulla ac enim in tempor
null,2024-04-21,2024-05-01,RESUELTO,2,42,13,dapibus nulla suscipit ligula in lacus curabitur
null,2024-04-05,2024-05-01,RESUELTO,3,89,11,ultrices phasellus id sapien in
null,2024-04-09,2024-05-01,ENPROCESO,2,81,17,aliquet at feugiat non pretium quis lectus suspendisse potenti in
null,2024-04-10,2024-04-28,RESUELTO,2,13,2,praesent lectus vestibulum quam sapien varius ut blandit non interdum in ante vestibulum ante ipsum
null,2024-04-14,2024-05-01,ABIERTO,2,66,13,donec quis orci eget orci vehicula condimentum curabitur in
null,2024-04-19,2024-04-28,RESUELTO,2,8,21,eget massa tempor convallis nulla neque libero convallis eget eleifend luctus
null,2024-04-04,2024-04-28,ENPROCESO,1,41,17,tortor duis mattis egestas metus aenean fermentum donec ut mauris eget
null,2024-04-11,2024-04-29,ABIERTO,1,63,7,molestie hendrerit at vulputate vitae nisl aenean lectus pellentesque
null,2024-04-21,2024-05-01,ENPROCESO,2,12,15,massa id nisl venenatis lacinia
null,2024-04-15,2024-05-01,RESUELTO,1,43,17,ornare consequat lectus in est risus auctor sed tristique in tempus sit amet sem fusce
null,2024-04-09,2024-04-30,RESUELTO,2,26,16,duis faucibus accumsan odio curabitur convallis
null,2024-04-17,2024-04-29,ABIERTO,2,30,21,aenean sit amet justo morbi ut odio cras mi pede malesuada in imperdiet et
null,2024-04-23,2024-04-29,ABIERTO,1,20,17,amet eros suspendisse accumsan tortor
null,2024-04-06,2024-04-30,RESUELTO,2,6,21,id sapien in sapien iaculis
null,2024-04-26,2024-04-29,RESUELTO,3,4,24,volutpat dui maecenas tristique est et tempus semper est quam pharetra
null,2024-04-09,2024-04-29,RESUELTO,1,61,5,venenatis tristique fusce congue diam id ornare imperdiet sapien urna pretium nisl
null,2024-04-25,2024-04-29,ENPROCESO,1,52,4,pellentesque eget nunc donec quis orci eget orci vehicula condimentum curabitur
null,2024-04-09,2024-05-01,RESUELTO,3,39,16,augue quam sollicitudin vitae consectetuer eget rutrum at lorem integer tincidunt ante
null,2024-04-20,2024-04-28,ENPROCESO,2,53,20,in leo maecenas pulvinar lobortis est
null,2024-04-05,2024-04-29,ABIERTO,3,20,21,pede lobortis ligula sit amet eleifend pede libero quis orci nullam molestie nibh
null,2024-04-22,2024-05-01,ABIERTO,1,40,4,et ultrices posuere cubilia curae nulla dapibus dolor vel est donec odio justo
null,2024-04-17,2024-04-29,RESUELTO,2,99,8,et ultrices posuere cubilia curae nulla dapibus dolor vel est donec odio justo sollicitudin ut
null,2024-04-07,2024-04-29,RESUELTO,2,82,13,purus eu magna vulputate luctus cum sociis natoque
null,2024-04-26,2024-04-28,ABIERTO,3,100,12,sed magna at nunc commodo placerat praesent blandit nam nulla integer pede justo lacinia
null,2024-04-15,2024-04-30,ENPROCESO,2,59,2,et ultrices posuere cubilia curae nulla dapibus dolor vel est donec odio
null,2024-04-26,2024-05-01,ABIERTO,3,65,19,suspendisse ornare consequat lectus in
null,2024-04-16,2024-05-01,ENPROCESO,2,35,22,augue quam sollicitudin vitae consectetuer eget rutrum at lorem integer tincidunt ante vel
null,2024-04-18,2024-04-29,RESUELTO,2,21,23,nulla ultrices aliquet maecenas leo odio condimentum id
null,2024-04-16,2024-05-01,ENPROCESO,2,21,11,viverra diam vitae quam suspendisse
null,2024-04-06,2024-04-28,RESUELTO,1,44,19,vestibulum quam sapien varius ut blandit non interdum in ante vestibulum ante ipsum primis
null,2024-04-22,2024-05-01,ENPROCESO,2,25,13,quis tortor id nulla ultrices aliquet
null,2024-04-10,2024-04-28,RESUELTO,3,9,11,sit amet eros suspendisse accumsan tortor quis turpis
null,2024-04-14,2024-05-01,ENPROCESO,2,97,19,volutpat sapien arcu sed augue aliquam erat volutpat in
null,2024-04-20,2024-04-28,RESUELTO,1,93,10,convallis eget eleifend luctus ultricies eu nibh quisque id
null,2024-04-16,2024-05-01,ENPROCESO,2,91,5,eget eros elementum pellentesque quisque
null,2024-04-14,2024-04-28,ENPROCESO,3,24,12,nunc vestibulum ante ipsum primis in faucibus orci luctus et ultrices posuere
null,2024-04-26,2024-05-01,ABIERTO,3,40,6,cras mi pede malesuada in imperdiet et commodo vulputate justo in blandit
null,2024-04-25,2024-05-01,RESUELTO,3,2,22,cursus vestibulum proin eu mi nulla ac enim in tempor
null,2024-04-04,2024-04-28,ENPROCESO,2,84,16,semper interdum mauris ullamcorper purus sit
null,2024-04-08,2024-04-28,RESUELTO,3,85,18,iaculis congue vivamus metus arcu adipiscing molestie hendrerit at vulputate
null,2024-04-19,2024-04-28,RESUELTO,3,85,17,dui luctus rutrum nulla tellus in sagittis dui vel nisl duis ac nibh fusce
null,2024-04-14,2024-04-28,ABIERTO,1,11,19,nam congue risus semper porta volutpat quam pede lobortis ligula sit amet eleifend
null,2024-04-18,2024-04-28,ABIERTO,3,12,15,luctus et ultrices posuere cubilia curae nulla dapibus dolor vel est donec odio justo sollicitudin
null,2024-04-17,2024-04-29,ENPROCESO,2,43,13,vulputate vitae nisl aenean lectus pellentesque eget nunc donec quis orci
null,2024-04-13,2024-04-28,ABIERTO,3,21,17,donec posuere metus vitae ipsum aliquam non mauris
null,2024-04-25,2024-05-01,ABIERTO,2,79,14,ante ipsum primis in faucibus orci luctus et ultrices posuere
null,2024-04-08,2024-04-30,RESUELTO,1,90,11,odio porttitor id consequat in consequat ut nulla sed accumsan felis ut
null,2024-04-19,2024-04-29,ABIERTO,1,81,17,sit amet eros suspendisse accumsan tortor quis turpis sed ante vivamus tortor duis
null,2024-04-21,2024-05-01,ENPROCESO,1,34,12,condimentum neque sapien placerat ante nulla justo aliquam quis turpis eget elit sodales
null,2024-04-09,2024-04-30,RESUELTO,1,57,24,convallis nunc proin at turpis
null,2024-04-17,2024-05-01,ENPROCESO,1,49,7,pede libero quis orci nullam molestie nibh in lectus pellentesque at nulla
null,2024-04-26,2024-04-28,ENPROCESO,1,37,18,lectus vestibulum quam sapien varius ut blandit non interdum in ante vestibulum ante ipsum primis
null,2024-04-18,2024-05-01,ABIERTO,1,10,19,nisl duis ac nibh fusce lacus purus aliquet at feugiat non pretium quis lectus
null,2024-04-25,2024-04-29,RESUELTO,3,95,25,lectus in est risus auctor sed tristique in tempus sit amet sem fusce
null,2024-04-22,2024-04-30,ABIERTO,2,28,14,cursus vestibulum proin eu mi nulla ac enim in tempor turpis
null,2024-04-20,2024-04-30,ENPROCESO,1,51,5,vulputate vitae nisl aenean lectus pellentesque
null,2024-04-20,2024-04-29,ABIERTO,1,61,7,felis sed interdum venenatis turpis enim blandit mi in porttitor pede justo eu massa donec
null,2024-04-15,2024-04-29,ABIERTO,2,5,20,faucibus orci luctus et ultrices posuere cubilia curae mauris viverra diam vitae quam suspendisse potenti
null,2024-04-10,2024-04-29,RESUELTO,3,91,19,lobortis ligula sit amet eleifend pede libero quis orci nullam molestie nibh in
null,2024-04-25,2024-05-01,ABIERTO,2,18,18,interdum in ante vestibulum ante ipsum primis in faucibus orci luctus et ultrices
null,2024-04-12,2024-04-30,ENPROCESO,1,49,13,vitae consectetuer eget rutrum at lorem integer tincidunt
null,2024-04-22,2024-05-01,ABIERTO,3,41,1,morbi a ipsum integer a nibh in quis justo maecenas rhoncus aliquam lacus
null,2024-04-21,2024-04-30,ENPROCESO,3,27,6,in est risus auctor sed tristique in tempus sit amet sem
null,2024-04-11,2024-04-29,ENPROCESO,1,39,15,erat curabitur gravida nisi at nibh in hac habitasse
null,2024-04-14,2024-04-30,ABIERTO,2,36,23,duis aliquam convallis nunc proin at turpis a pede posuere nonummy integer non velit donec
null,2024-04-15,2024-04-29,ABIERTO,2,25,8,velit eu est congue elementum in hac habitasse platea dictumst
null,2024-04-25,2024-04-30,RESUELTO,1,53,5,vivamus vel nulla eget eros elementum pellentesque quisque porta
null,2024-04-06,2024-04-30,ENPROCESO,3,68,20,lectus suspendisse potenti in eleifend quam a odio in hac habitasse platea dictumst
null,2024-04-11,2024-04-28,ENPROCESO,1,38,14,velit id pretium iaculis diam erat fermentum justo nec condimentum neque
null,2024-04-16,2024-05-01,ENPROCESO,1,81,8,ante vel ipsum praesent blandit lacinia erat vestibulum sed magna at
null,2024-04-04,2024-04-28,ABIERTO,2,52,19,id nisl venenatis lacinia aenean sit amet justo morbi ut odio cras mi pede
null,2024-04-25,2024-04-28,RESUELTO,3,63,23,ipsum primis in faucibus orci luctus et ultrices posuere cubilia curae nulla dapibus
null,2024-04-23,2024-04-30,ABIERTO,1,74,24,sem fusce consequat nulla nisl nunc nisl duis bibendum
null,2024-04-10,2024-04-30,RESUELTO,1,23,1,venenatis lacinia aenean sit amet justo morbi ut odio cras mi pede malesuada in imperdiet
null,2024-04-26,2024-04-29,ABIERTO,3,55,7,mauris viverra diam vitae quam
null,2024-04-09,2024-04-30,RESUELTO,3,64,12,mauris non ligula pellentesque ultrices phasellus id sapien in sapien iaculis congue vivamus
null,2024-04-24,2024-04-29,ENPROCESO,1,16,21,amet lobortis sapien sapien non mi integer ac neque duis bibendum morbi non quam nec
null,2024-04-21,2024-05-01,RESUELTO,3,73,13,potenti cras in purus eu magna vulputate luctus cum
null,2024-04-23,2024-04-28,RESUELTO,3,57,15,et magnis dis parturient montes nascetur ridiculus mus
null,2024-04-06,2024-04-30,ABIERTO,3,10,8,eu est congue elementum in hac habitasse platea dictumst morbi vestibulum velit id pretium
null,2024-04-12,2024-05-01,RESUELTO,1,62,4,accumsan odio curabitur convallis duis consequat dui nec nisi volutpat eleifend donec ut dolor morbi
null,2024-04-08,2024-04-28,ENPROCESO,3,4,12,sit amet eros suspendisse accumsan tortor quis turpis sed ante vivamus tortor duis mattis
null,2024-04-19,2024-04-28,RESUELTO,1,88,11,cursus vestibulum proin eu mi nulla ac enim in tempor turpis nec
null,2024-04-20,2024-04-29,RESUELTO,1,56,8,in imperdiet et commodo vulputate
null,2024-04-24,2024-04-28,ENPROCESO,3,90,5,libero quis orci nullam molestie nibh in lectus pellentesque
null,2024-04-25,2024-04-29,RESUELTO,3,50,7,sed vel enim sit amet
null,2024-04-12,2024-04-28,ABIERTO,3,15,14,fermentum donec ut mauris eget massa tempor convallis nulla neque libero convallis eget
null,2024-04-16,2024-04-30,ENPROCESO,2,3,16,luctus ultricies eu nibh quisque id justo sit amet sapien dignissim vestibulum
null,2024-04-17,2024-04-30,ABIERTO,2,56,7,elit sodales scelerisque mauris sit
null,2024-04-08,2024-04-28,ABIERTO,1,24,20,erat curabitur gravida nisi at nibh in
null,2024-04-04,2024-05-01,RESUELTO,1,12,25,lacinia erat vestibulum sed magna at nunc commodo placerat praesent blandit
null,2024-04-16,2024-04-30,RESUELTO,3,85,16,volutpat in congue etiam justo etiam pretium iaculis justo in
null,2024-04-06,2024-04-30,ABIERTO,3,59,19,quam turpis adipiscing lorem vitae mattis nibh ligula nec sem duis aliquam convallis nunc proin
null,2024-04-16,2024-04-30,ENPROCESO,3,30,10,consectetuer adipiscing elit proin risus praesent
null,2024-04-18,2024-05-01,ENPROCESO,2,56,22,interdum eu tincidunt in leo maecenas pulvinar lobortis est phasellus
null,2024-04-21,2024-04-30,ENPROCESO,1,81,21,libero nam dui proin leo odio porttitor
null,2024-04-18,2024-04-28,ABIERTO,2,2,2,ante nulla justo aliquam quis
null,2024-04-05,2024-04-28,RESUELTO,3,58,16,pede venenatis non sodales sed tincidunt eu felis
null,2024-04-04,2024-04-28,ABIERTO,3,58,22,rutrum rutrum neque aenean auctor gravida sem praesent id massa id nisl venenatis
null,2024-04-04,2024-04-29,ENPROCESO,2,67,25,sed ante vivamus tortor duis mattis egestas metus aenean fermentum donec
null,2024-04-19,2024-04-28,ABIERTO,3,48,13,quis orci eget orci vehicula condimentum curabitur
null,2024-04-17,2024-04-29,ENPROCESO,2,80,12,enim lorem ipsum dolor sit amet consectetuer adipiscing elit proin interdum
null,2024-04-25,2024-04-29,ABIERTO,3,44,25,consectetuer eget rutrum at lorem integer
null,2024-04-22,2024-04-29,ABIERTO,2,83,15,justo nec condimentum neque sapien placerat ante nulla justo aliquam quis turpis eget elit sodales
null,2024-04-25,2024-04-29,ENPROCESO,1,79,16,lacus at velit vivamus vel nulla eget eros elementum pellentesque quisque porta volutpat erat quisque
null,2024-04-08,2024-04-28,ABIERTO,3,44,9,nunc donec quis orci eget orci vehicula condimentum curabitur in libero
null,2024-04-21,2024-04-28,RESUELTO,1,40,19,sit amet eros suspendisse accumsan tortor quis turpis
null,2024-04-04,2024-04-30,ENPROCESO,2,85,24,ac consequat metus sapien ut nunc vestibulum ante ipsum primis in faucibus
null,2024-04-14,2024-05-01,RESUELTO,1,99,6,nulla nisl nunc nisl duis bibendum felis sed interdum venenatis
null,2024-04-23,2024-04-29,RESUELTO,1,87,22,convallis eget eleifend luctus ultricies eu nibh quisque id justo sit
null,2024-04-16,2024-05-01,ENPROCESO,3,10,5,odio odio elementum eu interdum eu tincidunt
null,2024-04-15,2024-04-29,ENPROCESO,3,32,20,habitasse platea dictumst aliquam augue
null,2024-04-07,2024-05-01,ENPROCESO,3,26,11,volutpat sapien arcu sed augue aliquam erat
null,2024-04-22,2024-04-29,ENPROCESO,2,57,21,id consequat in consequat ut
null,2024-04-11,2024-04-28,ABIERTO,2,63,21,risus praesent lectus vestibulum quam sapien varius ut blandit non interdum in ante vestibulum
null,2024-04-04,2024-05-01,ENPROCESO,1,64,14,in est risus auctor sed
null,2024-04-24,2024-04-29,ENPROCESO,3,20,17,elementum pellentesque quisque porta volutpat erat
null,2024-04-23,2024-04-30,ENPROCESO,2,63,3,venenatis tristique fusce congue diam id ornare imperdiet sapien urna pretium nisl ut volutpat sapien
null,2024-04-11,2024-04-29,ENPROCESO,2,47,19,rhoncus dui vel sem sed sagittis nam congue risus semper porta
null,2024-04-15,2024-04-29,RESUELTO,2,96,22,curabitur at ipsum ac tellus semper
null,2024-04-06,2024-04-29,RESUELTO,2,34,19,mus etiam vel augue vestibulum rutrum rutrum
null,2024-04-13,2024-04-28,ENPROCESO,3,29,19,rhoncus mauris enim leo rhoncus sed vestibulum sit amet cursus id turpis integer aliquet massa
null,2024-04-05,2024-04-28,ABIERTO,1,55,9,lorem quisque ut erat curabitur gravida nisi at nibh in hac habitasse platea dictumst aliquam
null,2024-04-18,2024-05-01,ENPROCESO,3,63,4,faucibus orci luctus et ultrices posuere cubilia curae mauris viverra diam vitae
null,2024-04-13,2024-04-28,ABIERTO,3,35,9,massa id lobortis convallis tortor risus dapibus augue vel accumsan tellus
null,2024-04-24,2024-05-01,ABIERTO,1,77,18,ut blandit non interdum in ante vestibulum ante ipsum
null,2024-04-24,2024-04-29,ENPROCESO,2,23,17,eget nunc donec quis orci eget orci vehicula condimentum curabitur in libero ut massa
null,2024-04-25,2024-04-29,ENPROCESO,1,9,6,felis ut at dolor quis odio consequat varius integer ac
null,2024-04-06,2024-05-01,RESUELTO,3,8,10,nibh in quis justo maecenas rhoncus aliquam
null,2024-04-07,2024-04-30,RESUELTO,2,63,17,metus arcu adipiscing molestie hendrerit at vulputate vitae nisl
null,2024-04-25,2024-04-28,ENPROCESO,3,80,16,vel nisl duis ac nibh fusce lacus purus aliquet at feugiat non
null,2024-04-20,2024-04-30,RESUELTO,1,100,18,est risus auctor sed tristique in tempus sit amet sem
null,2024-04-15,2024-04-28,RESUELTO,3,29,19,sit amet nunc viverra dapibus nulla suscipit ligula in lacus curabitur at ipsum ac
null,2024-04-12,2024-05-01,ABIERTO,1,64,11,urna ut tellus nulla ut erat id mauris vulputate elementum nullam varius nulla
null,2024-04-25,2024-05-01,ENPROCESO,1,45,1,pellentesque eget nunc donec quis orci eget orci vehicula condimentum curabitur in libero ut massa
null,2024-04-05,2024-04-30,ABIERTO,3,57,23,ut mauris eget massa tempor convallis
null,2024-04-20,2024-04-30,ENPROCESO,3,87,2,turpis adipiscing lorem vitae mattis nibh ligula nec sem duis aliquam convallis nunc
null,2024-04-14,2024-04-29,ABIERTO,3,15,3,nec condimentum neque sapien placerat ante
null,2024-04-07,2024-05-01,ENPROCESO,3,3,14,blandit mi in porttitor pede justo eu massa
null,2024-04-22,2024-04-29,RESUELTO,1,54,19,vestibulum aliquet ultrices erat tortor sollicitudin mi sit amet lobortis sapien sapien non
null,2024-04-16,2024-04-29,ABIERTO,1,52,15,aliquet ultrices erat tortor sollicitudin mi sit amet lobortis sapien
null,2024-04-22,2024-05-01,ABIERTO,2,47,3,posuere nonummy integer non velit donec diam neque
null,2024-04-19,2024-04-28,ENPROCESO,2,75,7,a suscipit nulla elit ac nulla sed
null,2024-04-09,2024-04-30,RESUELTO,2,73,10,non mauris morbi non lectus aliquam sit
null,2024-04-23,2024-05-01,ENPROCESO,2,87,4,varius nulla facilisi cras non velit nec nisi vulputate
null,2024-04-07,2024-04-29,ABIERTO,2,3,11,donec pharetra magna vestibulum aliquet ultrices erat tortor sollicitudin mi sit amet lobortis sapien
null,2024-04-05,2024-05-01,RESUELTO,2,93,12,eget vulputate ut ultrices vel augue vestibulum ante ipsum primis in faucibus
null,2024-04-10,2024-04-29,RESUELTO,1,92,17,lectus in quam fringilla rhoncus mauris enim leo rhoncus sed vestibulum
null,2024-04-08,2024-04-28,ENPROCESO,2,23,23,sem sed sagittis nam congue risus semper porta volutpat quam pede lobortis ligula sit amet
null,2024-04-05,2024-04-28,ABIERTO,3,42,4,lobortis est phasellus sit amet
null,2024-04-23,2024-04-30,RESUELTO,2,84,17,accumsan odio curabitur convallis duis consequat
null,2024-04-18,2024-04-28,RESUELTO,3,96,14,a feugiat et eros vestibulum
null,2024-04-09,2024-05-01,RESUELTO,2,42,13,fringilla rhoncus mauris enim leo rhoncus sed vestibulum sit amet cursus id turpis integer aliquet
null,2024-04-14,2024-04-30,ABIERTO,2,35,22,libero nullam sit amet turpis
null,2024-04-05,2024-04-29,ENPROCESO,1,93,3,eleifend pede libero quis orci nullam molestie nibh in
null,2024-04-20,2024-05-01,ENPROCESO,1,65,9,fusce consequat nulla nisl nunc nisl duis bibendum felis sed interdum
null,2024-04-17,2024-04-28,ABIERTO,2,70,6,curabitur gravida nisi at nibh in hac habitasse platea
null,2024-04-09,2024-04-29,RESUELTO,3,1,9,suspendisse potenti cras in purus eu magna vulputate luctus
null,2024-04-07,2024-04-30,ENPROCESO,2,31,15,mi sit amet lobortis sapien sapien non mi integer ac neque duis
null,2024-04-14,2024-04-28,RESUELTO,2,54,12,eleifend donec ut dolor morbi
null,2024-04-19,2024-05-01,ENPROCESO,2,24,2,ligula pellentesque ultrices phasellus id sapien in sapien iaculis
null,2024-04-10,2024-05-01,RESUELTO,3,61,23,sit amet sem fusce consequat nulla nisl nunc nisl duis bibendum felis sed interdum venenatis
null,2024-04-09,2024-04-28,RESUELTO,2,5,25,mollis molestie lorem quisque ut
null,2024-04-11,2024-05-01,ENPROCESO,3,61,3,lacinia erat vestibulum sed magna at nunc
null,2024-04-22,2024-04-28,ABIERTO,3,80,7,mauris viverra diam vitae quam suspendisse
null,2024-04-15,2024-04-30,ENPROCESO,3,93,6,fusce lacus purus aliquet at feugiat non pretium quis lectus suspendisse potenti in
null,2024-04-11,2024-04-28,ABIERTO,3,23,1,eget massa tempor convallis nulla neque libero
null,2024-04-13,2024-04-30,ABIERTO,3,58,24,ultrices posuere cubilia curae donec pharetra magna vestibulum aliquet ultrices erat tortor sollicitudin mi sit
null,2024-04-23,2024-04-28,ENPROCESO,1,9,20,lacus morbi quis tortor id nulla
null,2024-04-04,2024-04-30,ENPROCESO,2,29,10,imperdiet sapien urna pretium nisl ut volutpat sapien arcu sed augue
null,2024-04-07,2024-04-28,ABIERTO,3,69,12,euismod scelerisque quam turpis adipiscing lorem vitae mattis nibh ligula
null,2024-04-10,2024-04-29,ABIERTO,3,37,7,iaculis diam erat fermentum justo nec condimentum neque sapien placerat
null,2024-04-12,2024-04-30,ABIERTO,2,74,15,massa id nisl venenatis lacinia aenean sit amet justo morbi
null,2024-04-07,2024-05-01,RESUELTO,1,98,12,ac nulla sed vel enim sit amet
null,2024-04-20,2024-05-01,RESUELTO,1,43,21,nulla pede ullamcorper augue a suscipit nulla elit
null,2024-04-08,2024-04-29,ENPROCESO,1,83,5,cum sociis natoque penatibus et magnis dis parturient montes nascetur ridiculus
null,2024-04-17,2024-05-01,ENPROCESO,3,13,19,sit amet nunc viverra dapibus nulla suscipit ligula
null,2024-04-20,2024-05-01,ABIERTO,1,27,20,justo sit amet sapien dignissim vestibulum vestibulum ante ipsum primis in faucibus orci luctus et
null,2024-04-05,2024-05-01,ENPROCESO,3,40,8,volutpat sapien arcu sed augue aliquam erat volutpat in congue
null,2024-04-13,2024-05-01,ABIERTO,2,26,19,quisque ut erat curabitur gravida nisi at nibh in hac habitasse platea dictumst aliquam
null,2024-04-08,2024-04-29,RESUELTO,3,82,9,non pretium quis lectus suspendisse potenti in eleifend
null,2024-04-09,2024-04-29,RESUELTO,3,39,12,molestie hendrerit at vulputate vitae nisl aenean lectus pellentesque eget nunc donec quis orci eget
null,2024-04-17,2024-04-28,RESUELTO,1,69,14,sociis natoque penatibus et magnis dis parturient montes nascetur ridiculus mus etiam
null,2024-04-25,2024-04-28,ABIERTO,1,31,3,montes nascetur ridiculus mus vivamus vestibulum sagittis sapien cum sociis natoque penatibus et magnis
null,2024-04-21,2024-04-29,RESUELTO,1,32,11,semper porta volutpat quam pede lobortis ligula sit amet eleifend pede
null,2024-04-09,2024-04-29,ABIERTO,1,39,12,diam in magna bibendum imperdiet nullam orci pede venenatis non sodales sed tincidunt
null,2024-04-22,2024-04-28,ABIERTO,2,63,13,placerat praesent blandit nam nulla integer pede justo
null,2024-04-25,2024-05-01,ABIERTO,3,88,6,libero quis orci nullam molestie nibh in lectus pellentesque at nulla suspendisse potenti cras in
null,2024-04-13,2024-04-29,ABIERTO,1,77,21,in est risus auctor sed tristique in tempus sit amet sem fusce consequat nulla
null,2024-04-14,2024-04-28,RESUELTO,2,21,6,sagittis sapien cum sociis natoque penatibus et magnis
null,2024-04-18,2024-04-28,ENPROCESO,1,34,4,ipsum dolor sit amet consectetuer adipiscing elit proin risus praesent lectus vestibulum quam sapien varius
null,2024-04-23,2024-04-29,ABIERTO,3,71,25,volutpat convallis morbi odio odio elementum eu interdum eu tincidunt in leo maecenas pulvinar
null,2024-04-20,2024-04-30,ABIERTO,1,41,16,luctus cum sociis natoque penatibus et magnis dis parturient montes nascetur ridiculus mus vivamus vestibulum
null,2024-04-04,2024-04-30,ENPROCESO,1,15,16,mauris morbi non lectus aliquam sit amet
null,2024-04-19,2024-05-01,ENPROCESO,2,93,16,amet eleifend pede libero quis orci nullam molestie nibh
null,2024-04-10,2024-05-01,RESUELTO,1,25,2,eleifend donec ut dolor morbi vel lectus in quam fringilla rhoncus
null,2024-04-05,2024-05-01,ABIERTO,3,43,16,in magna bibendum imperdiet nullam orci pede venenatis non sodales sed tincidunt
null,2024-04-06,2024-05-01,RESUELTO,1,98,12,pede libero quis orci nullam molestie nibh in lectus pellentesque at nulla
null,2024-04-10,2024-05-01,ENPROCESO,1,99,6,in quis justo maecenas rhoncus aliquam
null,2024-04-09,2024-04-28,RESUELTO,3,43,9,mauris sit amet eros suspendisse accumsan tortor quis turpis sed
null,2024-04-09,2024-04-28,ENPROCESO,3,27,15,sagittis nam congue risus semper porta volutpat quam pede lobortis
null,2024-04-15,2024-04-30,RESUELTO,3,36,17,in leo maecenas pulvinar lobortis est phasellus sit amet erat nulla
null,2024-04-23,2024-04-30,RESUELTO,3,60,1,suscipit a feugiat et eros vestibulum ac
null,2024-04-22,2024-04-29,RESUELTO,1,26,8,in lacus curabitur at ipsum ac tellus
null,2024-04-09,2024-04-29,ABIERTO,2,65,23,tempor turpis nec euismod scelerisque quam turpis adipiscing lorem vitae
null,2024-04-08,2024-05-01,ENPROCESO,1,40,13,quam fringilla rhoncus mauris enim leo rhoncus sed vestibulum sit amet cursus id
null,2024-04-18,2024-04-29,ENPROCESO,2,64,5,aenean fermentum donec ut mauris eget massa tempor convallis
null,2024-04-24,2024-04-28,ENPROCESO,3,98,10,erat fermentum justo nec condimentum neque sapien placerat ante
null,2024-04-07,2024-04-28,RESUELTO,2,99,25,maecenas pulvinar lobortis est phasellus sit amet erat nulla tempus vivamus in felis eu
null,2024-04-22,2024-04-28,RESUELTO,2,22,12,et tempus semper est quam pharetra magna ac consequat metus sapien ut
null,2024-04-07,2024-04-28,ABIERTO,1,93,10,sit amet consectetuer adipiscing elit proin
null,2024-04-21,2024-04-28,RESUELTO,1,3,12,parturient montes nascetur ridiculus mus
null,2024-04-21,2024-04-28,RESUELTO,2,31,15,id pretium iaculis diam erat fermentum justo
null,2024-04-17,2024-05-01,RESUELTO,2,46,1,nulla tempus vivamus in felis eu sapien cursus vestibulum proin eu mi
null,2024-04-17,2024-05-01,ENPROCESO,1,23,19,congue vivamus metus arcu adipiscing molestie hendrerit at vulputate vitae nisl aenean lectus
null,2024-04-16,2024-05-01,ENPROCESO,3,36,3,amet eleifend pede libero quis orci nullam molestie nibh in lectus pellentesque at nulla
null,2024-04-15,2024-04-28,ENPROCESO,2,57,16,ut rhoncus aliquet pulvinar sed nisl nunc rhoncus dui
null,2024-04-14,2024-05-01,RESUELTO,2,65,19,mauris enim leo rhoncus sed vestibulum
null,2024-04-21,2024-04-28,RESUELTO,1,76,19,proin interdum mauris non ligula pellentesque ultrices phasellus id
null,2024-04-20,2024-05-01,ABIERTO,2,48,17,tempus semper est quam pharetra magna ac
null,2024-04-11,2024-04-30,ABIERTO,3,70,5,nullam sit amet turpis elementum ligula vehicula consequat morbi a ipsum integer a nibh in
null,2024-04-17,2024-04-30,ENPROCESO,2,27,2,id ligula suspendisse ornare consequat lectus
null,2024-04-18,2024-04-28,ABIERTO,3,86,25,donec pharetra magna vestibulum aliquet ultrices erat tortor sollicitudin mi sit amet lobortis sapien
null,2024-04-16,2024-04-28,ABIERTO,1,49,2,et eros vestibulum ac est lacinia nisi venenatis tristique fusce congue diam id
null,2024-04-24,2024-04-29,ABIERTO,1,94,24,fusce congue diam id ornare imperdiet sapien urna pretium nisl ut volutpat sapien arcu
null,2024-04-11,2024-04-28,RESUELTO,3,20,25,etiam pretium iaculis justo in hac
null,2024-04-20,2024-04-28,ABIERTO,3,98,11,magna ac consequat metus sapien ut
null,2024-04-24,2024-04-28,ABIERTO,2,9,22,cubilia curae donec pharetra magna vestibulum aliquet ultrices
null,2024-04-20,2024-04-28,RESUELTO,3,30,10,vitae consectetuer eget rutrum at lorem integer tincidunt ante vel
null,2024-04-12,2024-04-28,RESUELTO,2,75,1,praesent lectus vestibulum quam sapien varius ut blandit non interdum in ante vestibulum
null,2024-04-12,2024-04-30,ABIERTO,1,6,7,nulla elit ac nulla sed vel enim sit amet nunc viverra dapibus nulla suscipit ligula
null,2024-04-16,2024-04-28,ABIERTO,1,22,2,sodales sed tincidunt eu felis fusce posuere felis sed lacus morbi sem mauris laoreet ut
null,2024-04-26,2024-04-30,RESUELTO,3,11,11,proin leo odio porttitor id consequat in consequat ut nulla
null,2024-04-07,2024-04-30,ENPROCESO,1,24,17,in felis eu sapien cursus vestibulum proin eu mi nulla ac
null,2024-04-15,2024-04-30,ABIERTO,2,93,21,ultrices posuere cubilia curae duis faucibus accumsan odio curabitur convallis duis consequat dui nec nisi
null,2024-04-07,2024-05-01,ABIERTO,1,75,20,tincidunt eget tempus vel pede morbi
null,2024-04-05,2024-04-29,ABIERTO,1,27,25,eget eros elementum pellentesque quisque porta volutpat erat quisque
null,2024-04-14,2024-04-29,RESUELTO,2,90,8,volutpat in congue etiam justo
null,2024-04-09,2024-04-29,ENPROCESO,1,33,17,vivamus vestibulum sagittis sapien cum sociis natoque penatibus et magnis
null,2024-04-06,2024-05-01,ENPROCESO,1,92,15,nam nulla integer pede justo lacinia eget
null,2024-04-11,2024-05-01,ABIERTO,2,22,23,nisi venenatis tristique fusce congue diam id ornare imperdiet sapien urna pretium
null,2024-04-16,2024-04-28,ABIERTO,2,76,22,erat quisque erat eros viverra eget congue
null,2024-04-12,2024-05-01,ENPROCESO,3,30,14,dapibus at diam nam tristique tortor
null,2024-04-09,2024-05-01,ENPROCESO,3,87,20,quis justo maecenas rhoncus aliquam lacus morbi quis tortor id nulla ultrices aliquet maecenas
null,2024-04-21,2024-04-29,RESUELTO,2,17,19,consequat ut nulla sed accumsan
null,2024-04-20,2024-04-28,RESUELTO,2,15,4,at velit eu est congue elementum in hac habitasse platea dictumst morbi
null,2024-04-25,2024-04-28,ENPROCESO,3,62,23,montes nascetur ridiculus mus etiam vel augue vestibulum rutrum rutrum
null,2024-04-16,2024-04-28,ABIERTO,1,85,8,lectus in quam fringilla rhoncus mauris enim leo rhoncus sed vestibulum
null,2024-04-25,2024-05-01,ENPROCESO,1,29,4,sit amet diam in magna bibendum imperdiet nullam orci pede venenatis
null,2024-04-07,2024-04-29,RESUELTO,1,37,11,ipsum dolor sit amet consectetuer adipiscing elit
null,2024-04-11,2024-04-29,RESUELTO,3,26,24,imperdiet sapien urna pretium nisl ut volutpat sapien
null,2024-04-26,2024-04-29,RESUELTO,2,60,17,magna at nunc commodo placerat praesent blandit
null,2024-04-18,2024-05-01,ENPROCESO,1,100,13,orci pede venenatis non sodales sed tincidunt eu felis fusce posuere felis sed lacus morbi
null,2024-04-20,2024-04-30,ABIERTO,1,93,18,varius integer ac leo pellentesque ultrices mattis
null,2024-04-06,2024-04-30,ABIERTO,1,77,4,in faucibus orci luctus et ultrices
null,2024-04-04,2024-04-30,ABIERTO,3,34,23,in hac habitasse platea dictumst
null,2024-04-15,2024-04-28,ABIERTO,2,23,12,id sapien in sapien iaculis congue vivamus metus arcu adipiscing molestie hendrerit at vulputate
null,2024-04-21,2024-05-01,ABIERTO,3,78,1,orci vehicula condimentum curabitur in libero
null,2024-04-13,2024-05-01,ABIERTO,1,3,3,non mi integer ac neque duis
null,2024-04-04,2024-04-29,ENPROCESO,3,41,25,nullam sit amet turpis elementum ligula vehicula consequat morbi
null,2024-04-22,2024-05-01,RESUELTO,3,80,24,at nibh in hac habitasse platea dictumst aliquam augue quam sollicitudin vitae consectetuer eget
